{"cameraMode":{"drawMode":0,"name":"Shaded","section":"Shading Mode"},"sceneLighting":true,"audioPlay":false,"sceneViewState":{"m_AlwaysRefresh":false,"showFog":true,"showSkybox":true,"showFlares":true,"showImageEffects":true,"showParticleSystems":true,"showVisualEffectGraphs":true,"m_FxEnabled":true},"in2DMode":false,"pivot":{"x":-0.8264474868774414,"y":2.725377082824707,"z":-10.509345054626465},"rotation":{"x":-0.009201294742524624,"y":0.9805464148521423,"z":-0.047406841069459918,"w":-0.19030682742595673},"size":11.318174362182618,"orthographic":false}